Hash,Author,Date,Message
"a1b2c3d4e5f6789012345678901234567890abcd","Alice Johnson","2024-01-15 04:53:45","Fix bug in user authentication module  Updated the authentication logic to properly handle edge cases where users have special characters in their passwords."
"b2c3d4e5f6a789012345678901234567890abcde","Bob Smith","2024-01-16 09:00:22","Add new feature for data export  Implemented CSV and JSON export functionality for user data. This allows administrators to download reports easily."
"c3d4e5f6a7b89012345678901234567890abcdef","Alice Johnson","2024-01-17 03:45:33","Refactor database connection pool  Improved connection pooling to reduce memory overhead. Also fixed connection leak issue that was causing timeouts."
"d4e5f6a7b8c9012345678901234567890abcdef0","Charlie Brown","2024-01-18 11:15:10","Update documentation for API endpoints  Added comprehensive documentation for all REST API endpoints. Includes request/response examples and error codes."
"e5f6a7b8c9d012345678901234567890abcdef01","Bob Smith","2024-01-19 05:50:05","Fix null pointer exception in report generator  Fixed crash when generating reports with empty datasets. Added proper null checks and validation."
"f6a7b8c9d0e12345678901234567890abcdef012","Alice Johnson","2024-01-22 03:25:17","Optimize query performance  Rewrote several database queries to use indexed columns. Performance improvement of 40% on large datasets."
"a7b8c9d0e1f2345678901234567890abcdef0123","Diana Prince","2024-01-23 08:10:28","Add user profile customization  Users can now customize their dashboard layout and theme. Preferences are saved in user settings table."
"b8c9d0e1f2a345678901234567890abcdef01234","Bob Smith","2024-01-24 04:35:55","Fix memory leak in background job processor  Background jobs were not releasing resources properly. Implemented proper cleanup in finally blocks."
"c9d0e1f2a3b45678901234567890abcdef012345","Alice Johnson","2024-01-25 10:00:40","Add caching layer for frequently accessed data  Implemented Redis-based caching to reduce database load. Cache invalidation strategy ensures data consistency."
"d0e1f2a3b4c5678901234567890abcdef0123456","Charlie Brown","2024-01-26 03:52:13","Update dependencies to latest versions  Updated all third-party libraries to their latest stable versions. Includes security patches and bug fixes."
"e1f2a3b4c5d678901234567890abcdef01234567","Alice Johnson","2024-01-29 06:45:30","Implement rate limiting for API calls  Added rate limiting to prevent API abuse. Limits are configurable per user role."
"f2a3b4c5d6e78901234567890abcdef012345678","Diana Prince","2024-01-30 09:20:25","Add email notification system  Users now receive email notifications for important events. Templates are customizable in admin panel."
"a3b4c5d6e7f8901234567890abcdef0123456789","Bob Smith","2024-01-31 06:05:18","Fix timezone handling in date calculations  Corrected timezone conversion issues in report generation. All dates now properly respect user timezone preferences."
"b4c5d6e7f8a901234567890abcdef01234567890","Alice Johnson","2024-02-01 10:40:45","Add batch processing for large imports  Large data imports now processed in batches to prevent timeouts. Progress tracking shows completion percentage."
"c5d6e7f8a9b01234567890abcdef012345678901","Charlie Brown","2024-02-02 04:58:52","Refactor authentication middleware  Simplified authentication flow and improved error handling. Removed deprecated session management code."
"d6e7f8a9b0c1234567890abcdef0123456789012","Alice Johnson","2024-02-05 08:12:07","Add search functionality with full-text indexing  Implemented full-text search using database indexing. Search results ranked by relevance score."
"e7f8a9b0c1d234567890abcdef01234567890123","Diana Prince","2024-02-06 02:45:33","Fix UI rendering issues on mobile devices  Corrected responsive layout problems on smaller screens. All pages now properly adapt to mobile view."
"f8a9b0c1d2e34567890abcdef012345678901234","Bob Smith","2024-02-07 10:25:20","Add automated backup system  Daily automated backups now run at 2 AM. Retention policy keeps last 30 days of backups."
"a9b0c1d2e3f4567890abcdef0123456789012345","Alice Johnson","2024-02-08 07:00:15","Optimize image loading and compression  Images now compressed before upload to save bandwidth. Lazy loading implemented for better page performance."
"b0c1d2e3f4a567890abcdef01234567890123456","Charlie Brown","2024-02-09 04:18:28","Update security headers and CORS policy  Enhanced security with proper HTTP headers. CORS policy now restricts access to authorized domains only."
